customer_id,full_name,email,phone,city,service_zone_id,registered_at,customer_status
S08-C000001,Natalia Shevchenko,s08.customer000001@example.test,380501799552.0,Kharkiv,KHA-Z01,2026-01-24T23:51:01.642906949Z,active
S08-C000002,Mykhailo Tkachenko,s08.customer000002@example.test,380631266962.0,Odesa,ODE-Z02,2025-01-23T12:21:14.546737732Z,active
S08-C000003,Olena Kuzmenko,s08.customer000003@example.test,380636497952.0,Odesa,ODE-Z02,2025-02-28T03:46:17.772158405Z,active
S08-C000004,Vasyl Moroz,s08.customer000004@example.test,380958326695.0,Lviv,LVI-Z02,2025-07-18T23:59:12.523425387Z,active
S08-C000005,Tetiana Havryliuk,s08.customer000005@example.test,380672229302.0,Odesa,ODE-Z01,2025-06-19T00:59:09.116933694Z,active
S08-C000006,Vasyl Kuzmenko,s08.customer000006@example.test,380955210733.0,Odesa,ODE-Z01,2025-03-02T02:34:56.676556481Z,inactive
S08-C000007,Denys Lysenko,s08.customer000007@example.test,380638592123.0,Odesa,ODE-Z01,2025-01-13T23:25:04.289081327Z,active
S08-C000008,Vasyl Petrenko,s08.customer000008@example.test,380675216335.0,Lviv,LVI-Z03,2026-02-05T01:01:49.721851520Z,active
S08-C000009,Vasyl Koval,s08.customer000009@example.test,380937602361.0,Lviv,LVI-Z02,2025-10-09T16:44:39.120398141Z,active
S08-C000010,Andrii Oliinyk,s08.customer000010@example.test,380636809919.0,Kyiv,KYI-Z05,2024-12-25T20:40:55.417643559Z,active
S08-C000011,Nazar Oliinyk,s08.customer000011@example.test,380971743759.0,Kharkiv,KHA-Z02,2024-09-02T09:41:15.692169981Z,active
S08-C000012,Ihor Romanenko,s08.customer000012@example.test,380662342095.0,Lviv,LVI-Z03,2024-11-26T04:27:26.294947274Z,active
S08-C000013,Oleh Yaremchuk,s08.customer000013@example.test,380679941833.0,Lviv,LVI-Z01,2025-02-22T16:48:01.642646472Z,active
S08-C000014,Marko Tkachenko,s08.customer000014@example.test,380681521964.0,Odesa,ODE-Z01,2024-04-25T13:48:23.689808062Z,active
S08-C000015,Ivan Kravets,s08.customer000015@example.test,380984412641.0,Lviv,LVI-Z03,2025-10-15T22:27:57.814182368Z,active
S08-C000016,Sofiia Zakharchenko,s08.customer000016@example.test,380979266193.0,Lviv,LVI-Z02,2026-02-20T00:14:47.680583720Z,active
S08-C000017,Bohdan Marchenko,s08.customer000017@example.test,380931304327.0,Odesa,ODE-Z02,2025-08-12T18:54:54.536235115Z,active
S08-C000018,Natalia Melnyk,s08.customer000018@example.test,380993211541.0,Kyiv,KYI-Z03,2026-01-18T09:51:10.076521166Z,active
S08-C000019,Nazar Oliinyk,s08.customer000019@example.test,380676061513.0,Kyiv,KYI-Z01,2026-06-17T17:04:52.751380814Z,active
S08-C000020,Ihor Yaremchuk,s08.customer000020@example.test,380963563095.0,Lviv,LVI-Z01,2024-08-12T20:36:47.528656925Z,inactive
S08-C000021,Ivan Zakharchenko,s08.customer000021@example.test,380731362638.0,Odesa,ODE-Z03,2026-02-08T06:48:51.106288862Z,active
S08-C000022,Volodymyr Petrenko,s08.customer000022@example.test,380731262894.0,Lviv,LVI-Z02,2026-06-20T05:13:41.072787348Z,active
S08-C000023,Olena Oliinyk,s08.customer000023@example.test,380685617976.0,Kharkiv,KHA-Z03,2026-04-06T23:51:05.438921396Z,active
S08-C000024,Volodymyr Kravets,s08.customer000024@example.test,380678874073.0,Kharkiv,KHA-Z01,2025-11-21T04:59:00.493230942Z,active
S08-C000025,Pavlo Zakharchenko,s08.customer000025@example.test,380675565859.0,Lviv,LVI-Z01,2026-06-02T01:28:58.174680507Z,active
S08-C000026,Daria Bondarenko,s08.customer000026@example.test,380936252463.0,Lviv,LVI-Z01,2026-04-28T13:03:48.310953054Z,active
S08-C000027,Vasyl Kravets,s08.customer000027@example.test,380950556027.0,Lviv,LVI-Z01,2024-03-11T09:44:26.175076732Z,active
S08-C000028,Bohdan Boyko,s08.customer000028@example.test,380969479535.0,Kyiv,KYI-Z01,2026-06-05T17:24:58.757798062Z,active
S08-C000029,Sofiia Kuzmenko,s08.customer000029@example.test,380951263253.0,Kyiv,KYI-Z03,2024-07-09T19:17:59.328363914Z,active
S08-C000030,Olena Hnatiuk,s08.customer000030@example.test,380971702178.0,Kyiv,KYI-Z03,2024-04-13T10:50:39.580557623Z,active
S08-C000031,Viktor Oliinyk,s08.customer000031@example.test,380991310886.0,Kyiv,KYI-Z02,2025-01-23T14:53:30.097229036Z,active
S08-C000032,Kateryna Yaremchuk,s08.customer000032@example.test,380687598430.0,Dnipro,DNI-Z01,2026-04-09T20:32:05.505429066Z,active
S08-C000033,Pavlo Oliinyk,s08.customer000033@example.test,380672763741.0,Odesa,ODE-Z01,2024-12-22T09:36:20.224353385Z,active
S08-C000034,Artem Savchenko,s08.customer000034@example.test,380978718561.0,Kyiv,KYI-Z02,2025-03-11T11:48:40.280098590Z,active
S08-C000035,Anna Marchenko,s08.customer000035@example.test,380985619803.0,Kyiv,KYI-Z04,2025-07-24T08:54:30.735465290Z,active
S08-C000036,Ihor Oliinyk,s08.customer000036@example.test,380981061901.0,Kyiv,KYI-Z01,2025-09-07T05:22:22.061661015Z,active
S08-C000037,Volodymyr Moroz,s08.customer000037@example.test,380938531045.0,Dnipro,DNI-Z03,2024-09-01T02:59:13.829594956Z,active
S08-C000038,Artem Petrenko,s08.customer000038@example.test,380931508987.0,Odesa,ODE-Z01,2025-04-27T01:57:17.806932985Z,active
S08-C000039,Denys Moroz,s08.customer000039@example.test,380733799242.0,Kyiv,KYI-Z04,2025-07-13T13:12:50.420426117Z,active
S08-C000040,Denys Hnatiuk,s08.customer000040@example.test,380950100880.0,Odesa,ODE-Z01,2026-05-06T05:34:29.988566419Z,active
S08-C000041,Bohdan Oliinyk,s08.customer000041@example.test,380677729000.0,Kyiv,KYI-Z01,2025-09-29T11:47:29.616639922Z,active
S08-C000042,Tetiana Kuzmenko,s08.customer000042@example.test,380959112312.0,Lviv,LVI-Z04,2026-07-04T15:43:46.462147959Z,active
S08-C000043,Danylo Moroz,s08.customer000043@example.test,380687366761.0,Lviv,LVI-Z03,2024-04-05T19:49:38.804435612Z,active
S08-C000044,Roman Tkachenko,s08.customer000044@example.test,380969896613.0,Lviv,LVI-Z02,2024-03-17T02:49:46.596835365Z,active
S08-C000045,Marko Tkachenko,s08.customer000045@example.test,380930237582.0,Kharkiv,KHA-Z03,2026-08-02T18:43:30.886037741Z,active
S08-C000046,Anna Moroz,s08.customer000046@example.test,380684767447.0,Kyiv,KYI-Z04,2024-11-29T00:13:11.209009259Z,active
S08-C000047,Andrii Voloshyn,s08.customer000047@example.test,380939460650.0,Kyiv,KYI-Z01,2024-05-25T23:12:55.858571860Z,active
S08-C000048,Anna Romanenko,s08.customer000048@example.test,380634001213.0,Kharkiv,KHA-Z02,2025-04-08T22:00:06.182040179Z,active
S08-C000049,Oleksandr Savchenko,s08.customer000049@example.test,380673229038.0,Kyiv,KYI-Z03,2024-04-12T01:10:35.319418055Z,active
S08-C000050,Daria Hnatiuk,s08.customer000050@example.test,380732561871.0,Kyiv,KYI-Z01,2025-05-02T18:52:40.274557579Z,active
S08-C000051,Marta Petrenko,s08.customer000051@example.test,380676589260.0,Kyiv,KYI-Z03,2025-02-01T16:30:07.585368459Z,active
S08-C000052,Oleksandr Moroz,s08.customer000052@example.test,380932530968.0,Lviv,LVI-Z03,2024-05-12T23:17:05.173547951Z,active
S08-C000053,Marta Zakharchenko,s08.customer000053@example.test,380665114099.0,Lviv,LVI-Z02,2024-04-13T01:20:05.611154679Z,active
S08-C000054,Oleksandr Polishchuk,s08.customer000054@example.test,380682952950.0,Lviv,LVI-Z04,2026-03-09T08:26:13.182369356Z,active
S08-C000055,Daria Oliinyk,s08.customer000055@example.test,380687215970.0,Odesa,ODE-Z03,2025-05-13T01:35:33.227524915Z,active
S08-C000056,Vasyl Yaremchuk,s08.customer000056@example.test,380976531139.0,Kyiv,KYI-Z02,2024-10-21T17:51:19.936993628Z,inactive
S08-C000057,Vasyl Kravchenko,s08.customer000057@example.test,380688977803.0,Dnipro,DNI-Z03,2026-03-25T17:19:05.594285748Z,active
S08-C000058,Ivan Voloshyn,s08.customer000058@example.test,380678272031.0,Kharkiv,KHA-Z01,2024-05-07T08:52:20.818815675Z,active
S08-C000059,Oleh Bondarenko,s08.customer000059@example.test,380968436754.0,Dnipro,DNI-Z03,2024-12-26T21:56:50.426480368Z,active
S08-C000060,Mariia Boyko,s08.customer000060@example.test,380956016772.0,Dnipro,DNI-Z02,2024-12-08T07:58:10.467920384Z,active
S08-C000061,Ihor Kravets,s08.customer000061@example.test,380675860682.0,Lviv,LVI-Z01,2024-06-07T12:46:26.744658997Z,active
S08-C000062,Daria Hnatiuk,s08.customer000062@example.test,380934594588.0,Dnipro,DNI-Z01,2026-08-18T13:24:29.271791782Z,active
S08-C000063,Daria Vasylenko,s08.customer000063@example.test,380671485285.0,Kyiv,KYI-Z02,2026-07-26T02:43:48.500980620Z,active
S08-C000064,Viktoriia Boyko,s08.customer000064@example.test,380662269035.0,Dnipro,DNI-Z03,2026-07-26T23:33:56.935645322Z,active
S08-C000065,Tetiana Petrenko,s08.customer000065@example.test,380978266009.0,Odesa,ODE-Z02,2025-04-28T16:17:39.511284977Z,active
S08-C000066,Marta Boyko,s08.customer000066@example.test,380961163807.0,Kyiv,KYI-Z01,2025-08-29T10:26:24.281649791Z,active
S08-C000067,Yaroslav Kuzmenko,s08.customer000067@example.test,380687915721.0,Kharkiv,KHA-Z01,2025-05-18T13:05:06.262797062Z,active
S08-C000068,Natalia Kravchenko,s08.customer000068@example.test,380998197178.0,Dnipro,DNI-Z03,2025-07-17T22:09:48.546134404Z,inactive
S08-C000069,Bohdan Yaremchuk,s08.customer000069@example.test,380950483051.0,Odesa,ODE-Z02,2025-03-08T21:05:13.090187249Z,active
S08-C000070,Nazar Kovalchuk,s08.customer000070@example.test,380952096995.0,Lviv,LVI-Z04,2025-01-04T05:33:32.734267656Z,inactive
S08-C000071,Daria Lysenko,s08.customer000071@example.test,380981557512.0,Kharkiv,KHA-Z01,2025-08-20T04:24:11.781577708Z,active
S08-C000072,Roman Hnatiuk,s08.customer000072@example.test,380737964536.0,Kharkiv,KHA-Z03,2025-08-22T17:08:55.941986919Z,active
S08-C000073,Roman Havryliuk,s08.customer000073@example.test,380663015746.0,Dnipro,DNI-Z03,2024-04-25T01:34:54.952312414Z,active
S08-C000074,Olena Shevchenko,s08.customer000074@example.test,380731584764.0,Lviv,LVI-Z04,2026-04-11T03:21:09.147757646Z,active
S08-C000075,Iryna Moroz,s08.customer000075@example.test,380630403530.0,Odesa,ODE-Z01,2025-09-09T22:32:33.127446716Z,active
S08-C000076,Mykhailo Polishchuk,s08.customer000076@example.test,380734011485.0,Kyiv,KYI-Z02,2025-08-12T13:33:49.702476187Z,active
S08-C000077,Viktor Kravchenko,s08.customer000077@example.test,380954071818.0,Kyiv,KYI-Z03,2026-03-25T07:21:24.651541389Z,active
S08-C000078,Ivan Hnatiuk,s08.customer000078@example.test,380636027430.0,Kyiv,KYI-Z02,2026-08-10T14:51:04.009106346Z,active
S08-C000079,Viktoriia Havryliuk,s08.customer000079@example.test,380665742958.0,Kyiv,KYI-Z03,2026-01-02T00:23:01.525782631Z,active
S08-C000080,Solomiia Yaremchuk,s08.customer000080@example.test,380739527376.0,Dnipro,DNI-Z03,2024-12-21T09:58:25.225877816Z,active
S08-C000081,Volodymyr Kravchenko,s08.customer000081@example.test,380505650287.0,Dnipro,DNI-Z02,2024-08-18T02:51:28.608260445Z,active
S08-C000082,Artem Kravchenko,s08.customer000082@example.test,380685524472.0,Odesa,ODE-Z03,2024-09-03T22:13:50.827847108Z,active
S08-C000083,Olena Boyko,s08.customer000083@example.test,380966622350.0,Lviv,LVI-Z02,2025-08-07T10:43:15.711810748Z,active
S08-C000084,Denys Kovalchuk,s08.customer000084@example.test,380689696502.0,Lviv,LVI-Z03,2026-08-26T10:54:18.912229272Z,active
S08-C000085,Danylo Bondarenko,s08.customer000085@example.test,380963334917.0,Kyiv,KYI-Z05,2026-07-12T07:35:50.954192339Z,active
S08-C000086,Viktor Kravets,s08.customer000086@example.test,380981133517.0,Dnipro,DNI-Z01,2024-06-10T09:10:03.500452444Z,active
S08-C000087,Pavlo Koval,s08.customer000087@example.test,380505108856.0,Kyiv,KYI-Z01,2025-02-12T15:23:20.748840562Z,active
S08-C000088,Andrii Zakharchenko,s08.customer000088@example.test,380664695387.0,Odesa,ODE-Z03,2025-08-08T19:01:30.418303426Z,active
S08-C000089,Oleksandr Yaremchuk,s08.customer000089@example.test,380989354514.0,Kyiv,KYI-Z02,2025-02-05T13:05:59.385352871Z,active
S08-C000090,Yaroslav Boyko,s08.customer000090@example.test,380935697123.0,Lviv,LVI-Z02,2025-09-01T11:18:54.883513864Z,active
S08-C000091,Natalia Kravchenko,s08.customer000091@example.test,380963225959.0,Lviv,LVI-Z02,2025-10-14T02:13:40.103538012Z,active
S08-C000092,Marta Vasylenko,s08.customer000092@example.test,380980868744.0,Kharkiv,KHA-Z02,2025-10-17T13:34:29.587892790Z,active
S08-C000093,Oleksandr Marchenko,s08.customer000093@example.test,380736008376.0,Odesa,ODE-Z01,2025-09-15T22:27:02.551448486Z,active
S08-C000094,Olena Petrenko,s08.customer000094@example.test,380991980770.0,Lviv,LVI-Z03,2025-09-24T14:05:36.114764005Z,active
S08-C000095,Pavlo Zakharchenko,s08.customer000095@example.test,380960117559.0,Odesa,ODE-Z02,2024-07-14T08:58:18.855183455Z,active
S08-C000096,Oleh Tkachenko,s08.customer000096@example.test,380989412756.0,Odesa,ODE-Z01,2025-04-07T12:04:15.393950037Z,active
S08-C000097,Danylo Moroz,s08.customer000097@example.test,380998045711.0,Odesa,ODE-Z03,2024-08-25T04:32:44.252117505Z,active
S08-C000098,Maksym Vasylenko,s08.customer000098@example.test,380985498708.0,Kharkiv,KHA-Z03,2025-05-14T12:22:57.245501323Z,active
S08-C000099,Bohdan Tkachenko,s08.customer000099@example.test,380670220801.0,Dnipro,DNI-Z01,2026-08-29T06:14:55.825854579Z,active
S08-C000100,Danylo Bondarenko,s08.customer000100@example.test,380679669319.0,Dnipro,DNI-Z02,2026-04-14T15:07:07.644540687Z,active
