merchant_id,merchant_name,merchant_type,city,service_zone_id,opened_at,merchant_status
S08-M00001,Family Table 01,restaurant,Dnipro,DNI-Z03,2024-07-18T04:35:38.016284212Z,active
S08-M00002,Craft Point 02,restaurant,Lviv,LVI-Z02,2024-10-26T09:28:20.916669749Z,active
S08-M00003,Morning Bread 03,bakery,Kyiv,KYI-Z02,2024-03-11T21:09:49.796490460Z,active
S08-M00004,Good Grocer 04,grocery,Lviv,LVI-Z01,2025-07-08T21:35:12.778932672Z,active
S08-M00005,Fresh Point 05,restaurant,Kyiv,KYI-Z02,2023-03-14T09:33:38.824646046Z,active
S08-M00006,Well Care 06,pharmacy,Kharkiv,KHA-Z01,2024-11-21T16:45:00.002920111Z,active
S08-M00007,Near Shop 07,CONVENIENCE,Kyiv,KYI-Z01,2019-11-22T06:31:45.504270388Z,active
S08-M00008,Fresh Table 08,restaurant,Lviv,LVI-Z01,2019-10-19T18:33:54.057660220Z,active
S08-M00009,Market Market 09,grocery,Kharkiv,KHA-Z03,2021-05-23T16:08:07.469483627Z,active
S08-M00010,Local Point 10,restaurant,Dnipro,DNI-Z01,2024-06-24T04:48:20.164993397Z,active
S08-M00011,Good Foods 11,grocery,Dnipro,DNI-Z01,2021-05-30T06:23:19.623857318Z,active
S08-M00012,Market Basket 12,grocery,Odesa,ODE-Z01,2021-04-27T20:46:32.889680977Z,active
S08-M00013,Good Grocer 13,grocery,Kharkiv,KHA-Z01,2023-07-22T06:27:01.980054699Z,active
S08-M00014,Golden House 14,restaurant,Kyiv,KYI-Z02,2019-09-07T11:46:11.601515588Z,active
S08-M00015,Green House 15,restaurant,Kyiv,KYI-Z03,2024-05-22T00:50:19.321251933Z,active
S08-M00016,Local Bistro 16,restaurant,Dnipro,DNI-Z03,2023-04-06T09:06:19.720718219Z,active
S08-M00017,Happy Pet Store 17,pet_store,Kyiv,KYI-Z05,2023-11-14T06:39:38.759811572Z,active
S08-M00018,Fresh Foods 18,grocery,Kharkiv,KHA-Z01,2020-09-12T06:49:20.375719846Z,active
S08-M00019,Golden Bistro 19,restaurant,Odesa,ODE-Z03,2023-07-12T14:48:29.221580995Z,active
S08-M00020,Street Bistro 20,restaurant,Lviv,LVI-Z02,2024-04-07T10:59:31.032817285Z,active
S08-M00021,Good Market 21,grocery,Kyiv,KYI-Z03,2023-01-13T15:43:24.539723526Z,closed
S08-M00022,Express Express 22,convenience,Kharkiv,KHA-Z01,2022-04-19T11:14:58.844068525Z,active
S08-M00023,Local Table 23,restaurant,Odesa,ODE-Z01,2023-09-09T05:34:45.967240594Z,active
S08-M00024,Green Point 24,restaurant,Lviv,LVI-Z03,2025-05-05T07:13:25.350345001Z,active
S08-M00025,Quick Shop 25,convenience,Kyiv,KYI-Z01,2024-11-24T10:17:40.945009882Z,active
S08-M00026,City Grocer 26,grocery,Odesa,ODE-Z02,2025-06-29T01:07:04.878711526Z,active
S08-M00027,Daily Grocer 27,grocery,Dnipro,DNI-Z01,2020-06-06T20:05:48.406532345Z,active
S08-M00028,Well Care 28,pharmacy,Kyiv,KYI-Z03,2021-04-23T20:09:13.886969261Z,active
S08-M00029,City Stop 29,convenience,Kyiv,KYI-Z05,2024-05-30T11:34:08.035345339Z,active
S08-M00030,Daily Basket 30,grocery,Kyiv,KYI-Z01,2020-07-13T04:16:26.962203150Z,active
S08-M00031,Family Table 31,restaurant,Lviv,LVI-Z02,2020-09-16T09:16:56.857008443Z,active
S08-M00032,Golden House 32,restaurant,Lviv,LVI-Z03,2025-07-19T12:35:09.191823059Z,active
S08-M00033,Good Paws 33,pet_store,Lviv,LVI-Z01,2020-10-16T09:10:05.881111747Z,active
S08-M00034,Golden Table 34,restaurant,Kyiv,KYI-Z01,2021-02-24T03:02:55.887469216Z,active
S08-M00035,Craft Bakery 35,bakery,Kharkiv,KHA-Z02,2022-11-16T21:44:17.409162775Z,active
S08-M00036,Fresh Bistro 36,restaurant,Kyiv,KYI-Z05,2019-09-27T11:08:44.864409398Z,active
S08-M00037,Green Bistro 37,restaurant,Kharkiv,KHA-Z01,2020-05-12T04:34:15.464548201Z,active
S08-M00038,Fresh Bistro 38,restaurant,Kyiv,KYI-Z04,2019-12-03T04:13:00.319942936Z,active
S08-M00039,Warm Bread 39,bakery,Kyiv,KYI-Z01,2020-02-27T01:32:43.299764036Z,active
S08-M00040,Well Care 40,pharmacy,Kyiv,KYI-Z02,2025-02-20T16:04:02.274227636Z,paused
S08-M00041,Family Bistro 41,restaurant,Kyiv,KYI-Z03,2021-01-29T06:18:48.490957540Z,active
S08-M00042,Craft Kitchen 42,restaurant,Odesa,ODE-Z02,2024-09-09T04:30:12.650188714Z,active
S08-M00009,Market Market 09,grocery,Kharkiv,KHA-Z03,2021-05-23T16:08:07.469483627Z,active
