order_id,customer_id,merchant_id,created_at,order_status,currency,subtotal_amount,delivery_fee,discount_amount,total_amount
S08-O0000001,S08-C000147,S08-M00030,2025-09-01T11:47:50Z,partially_refunded,UAH,196.55,86.22,19.66,263.11
S08-O0000002,S08-C000658,S08-M00023,2025-09-01T12:22:06Z,partially_refunded,UAH,1361.31,92.28,136.13,1317.46
S08-O0000003,S08-C000520,S08-M00005,2025-09-01T13:19:17Z,delivered,UAH,671.21,90.09,0.0,761.3
S08-O0000004,S08-C000038,S08-M00023,2025-09-01T13:20:44Z,delivered,UAH,802.25,72.11,0.0,874.36
S08-O0000005,S08-C000429,S08-M00020,2025-09-01T13:34:14Z,delivered,UAH,280.0,66.96,0.0,346.96
S08-O0000006,S08-C000310,S08-M00038,2025-09-01T14:49:08Z,delivered,UAH,648.58,103.66,0.0,752.24
S08-O0000007,S08-C000625,S08-M00038,2025-09-01T14:51:01Z,delivered,UAH,427.07,79.76,0.0,506.83
S08-O0000008,S08-C000614,S08-M00004,2025-09-01T14:56:17Z,delivered,UAH,134.86,69.01,13.49,190.38
S08-O0000009,S08-C000742,S08-M00027,2025-09-01T15:57:52Z,delivered,UAH,61.77,83.84,0.0,145.61
S08-O0000010,S08-C000463,S08-M00032,2025-09-01T16:21:01Z,delivered,UAH,157.99,61.14,0.0,219.13
S08-O0000011,S08-C000348,S08-M00001,2025-09-01T18:11:39Z,delivered,UAH,213.36,64.29,21.34,256.31
S08-O0000012,S08-C000655,S08-M00022,2025-09-01T18:32:32Z,delivered,UAH,134.28,67.97,13.43,188.82
S08-O0000013,S08-C000581,S08-M00004,2025-09-01T18:41:15Z,delivered,UAH,135.94,65.05,0.0,200.99
S08-O0000014,S08-C000475,S08-M00016,2025-09-02T10:33:16Z,delivered,UAH,557.25,72.39,0.0,629.64
S08-O0000015,S08-C000474,S08-M00002,2025-09-02T12:35:13Z,failed,UAH,498.11,90.79,0.0,588.9
S08-O0000016,S08-C000004,S08-M00002,2025-09-02T12:47:42Z,delivered,UAH,765.11,70.59,114.77,720.93
S08-O0000017,S08-C000563,S08-M00038,2025-09-02T12:56:32Z,delivered,UAH,859.26,87.93,85.93,861.26
S08-O0000018,S08-C000009,S08-M00004,2025-09-02T13:12:27Z,delivered,UAH,205.31,71.7,0.0,277.01
S08-O0000019,S08-C000201,S08-M00009,2025-09-02T13:39:00Z,failed,UAH,224.27,69.4,22.43,271.24
S08-O0000020,S08-C000559,S08-M00032,2025-09-02T13:39:12Z,delivered,UAH,597.1,73.26,0.0,670.36
S08-O0000021,S08-C000214,S08-M00005,2025-09-02T13:59:29Z,delivered,UAH,630.37,95.19,31.52,694.04
S08-O0000022,S08-C000161,S08-M00007,2025-09-02T15:26:27Z,delivered,UAH,24.96,75.12,0.0,100.08
S08-O0000023,S08-C000223,S08-M00023,2025-09-02T17:11:36Z,delivered,UAH,646.31,71.97,0.0,718.28
S08-O0000024,S08-C000093,S08-M00012,2025-09-02T17:30:26Z,refunded,UAH,74.84,82.97,7.48,150.33
S08-O0000025,S08-C000669,S08-M00038,2025-09-02T17:44:08Z,delivered,UAH,1081.26,104.35,0.0,1185.61
S08-O0000026,S08-C000280,S08-M00023,2025-09-02T17:47:47Z,delivered,UAH,299.17,75.88,0.0,375.05
S08-O0000027,S08-C000722,S08-M00037,2025-09-02T19:21:50Z,delivered,UAH,1273.3,88.0,0.0,1361.3
S08-O0000028,S08-C000787,S08-M00036,2025-09-02T22:00:42Z,delivered,UAH,487.57,87.19,48.76,526.0
S08-O0000029,S08-C000121,S08-M00012,2025-09-02T22:40:38Z,delivered,UAH,100.5,88.69,0.0,189.19
S08-O0000030,S08-C000787,S08-M00017,2025-09-03T12:20:26Z,delivered,UAH,335.49,88.8,0.0,424.29
S08-O0000031,S08-C000195,S08-M00032,2025-09-03T12:23:37Z,cancelled,EUR,7.11,1.62,0.0,8.73
S08-O0000032,S08-C000399,S08-M00032,2025-09-03T13:13:51Z,delivered,UAH,1198.55,66.32,119.86,1145.01
S08-O0000033,S08-C000257,S08-M00011,2025-09-03T13:33:31Z,delivered,UAH,330.57,64.15,0.0,394.72
S08-O0000034,S08-C000311,S08-M00004,2025-09-03T13:44:30Z,delivered,UAH,305.54,98.61,0.0,404.15
S08-O0000035,S08-C000452,S08-M00004,2025-09-03T14:19:08Z,delivered,UAH,125.28,78.67,12.53,191.42
S08-O0000036,S08-C000462,S08-M00023,2025-09-03T16:04:24Z,delivered,UAH,1101.33,97.34,0.0,1198.67
S08-O0000037,S08-C000437,S08-M00016,2025-09-03T18:10:34Z,delivered,UAH,217.56,72.89,0.0,290.45
S08-O0000038,S08-C000475,S08-M00027,2025-09-03T19:03:17Z,delivered,UAH,246.17,93.82,0.0,339.99
S08-O0000039,S08-C000059,S08-M00016,2025-09-03T19:05:31Z,delivered,UAH,179.16,81.33,0.0,260.49
S08-O0000040,S08-C000669,S08-M00040,2025-09-03T19:17:33Z,delivered,UAH,127.3,88.29,0.0,215.59
S08-O0000041,S08-C000578,S08-M00033,2025-09-03T19:51:31Z,delivered,UAH,285.09,86.65,14.25,357.49
S08-O0000042,S08-C000635,S08-M00031,2025-09-03T22:09:06Z,delivered,UAH,607.13,95.28,0.0,702.41
S08-O0000043,S08-C000511,S08-M00042,2025-09-04T11:09:48Z,delivered,UAH,1466.69,0.0,0.0,1466.69
S08-O0000044,S08-C000775,S08-M00003,04/09/2025 11:32,delivered,UAH,368.44,94.78,36.84,426.38
S08-O0000045,S08-C000021,S08-M00019,2025-09-04T11:43:46Z,delivered,UAH,673.12,74.57,0.0,747.69
S08-O0000046,S08-C000096,S08-M00026,2025-09-04T12:10:34Z,delivered,UAH,287.18,68.66,0.0,355.84
S08-O0000047,S08-C000557,S08-M00006,2025-09-04T12:18:12Z,partially_refunded,UAH,438.52,70.09,0.0,508.61
S08-O0000048,S08-C000783,S08-M00024,2025-09-04T13:18:26Z,delivered,UAH,735.82,67.51,0.0,803.33
S08-O0000049,S08-C000610,S08-M00017,2025-09-04T13:22:41Z,delivered,UAH,736.36,79.63,73.64,742.35
S08-O0000050,S08-C000769,S08-M00020,2025-09-04T14:04:10Z,delivered,UAH,1049.65,0.0,0.0,1049.65
S08-O0000051,S08-C000220,S08-M00010,2025-09-04T18:00:35Z,delivered,UAH,559.71,69.12,0.0,628.83
S08-O0000052,S08-C000738,S08-M00008,2025-09-04T19:37:13Z,delivered,UAH,591.54,94.51,0.0,686.05
S08-O0000053,S08-C000002,S08-M00026,2025-09-04T20:00:26Z,failed,UAH,52.35,80.13,0.0,132.48
S08-O0000054,S08-C000076,S08-M00030,2025-09-04T20:11:39Z,failed,UAH,120.86,85.79,0.0,206.65
S08-O0000055,S08-C000783,S08-M00033,2025-09-04T20:20:17Z,failed,UAH,494.37,70.92,0.0,565.29
S08-O0000056,S08-C000043,S08-M00004,2025-09-04T20:48:30Z,delivered,UAH,231.43,66.96,0.0,298.39
S08-O0000057,S08-C000478,S08-M00023,2025-09-04T22:55:27Z,delivered,UAH,1653.76,0.0,165.38,1488.38
S08-O0000058,S08-C000112,S08-M00042,2025-09-05T11:49:05Z,delivered,UAH,189.58,76.41,0.0,265.99
S08-O0000059,S08-C000500,S08-M00042,2025-09-05T12:55:58Z,delivered,UAH,345.12,88.83,0.0,433.95
S08-O0000060,S08-C000093,S08-M00042,2025-09-05T13:05:05Z,delivered,UAH,1241.05,72.16,0.0,1313.21
S08-O0000061,S08-C000366,S08-M00038,2025-09-05T13:55:27Z,delivered,UAH,156.77,86.99,0.0,243.76
S08-O0000062,S08-C000536,S08-M00020,2025-09-05T16:34:34Z,delivered,UAH,730.55,88.58,0.0,819.13
S08-O0000063,S08-C000739,S08-M00042,2025-09-05T17:29:25Z,delivered,UAH,195.41,84.09,0.0,279.5
S08-O0000064,S08-C000454,S08-M00032,2025-09-05T17:43:53Z,delivered,UAH,463.54,74.99,0.0,538.53
S08-O0000065,S08-C000262,S08-M00008,2025-09-05T19:07:43Z,delivered,UAH,932.89,69.72,0.0,1002.61
S08-O0000066,S08-C000214,S08-M00003,2025-09-05T19:12:21Z,delivered,UAH,225.94,105.4,0.0,331.34
S08-O0000067,S08-C000373,S08-M00016,2025-09-05T19:25:43Z,delivered,UAH,536.95,78.29,0.0,615.24
S08-O0000068,S08-C000096,S08-M00026,2025-09-05T19:44:03Z,delivered,UAH,158.4,74.09,0.0,232.49
S08-O0000069,S08-C000193,S08-M00023,2025-09-05T20:31:49Z,delivered,UAH,989.95,0.0,0.0,989.95
S08-O0000070,S08-C000417,S08-M00012,2025-09-05T21:34:16Z,delivered,UAH,103.79,104.7,0.0,208.49
S08-O0000071,S08-C000558,S08-M00018,2025-09-05T21:35:01Z,delivered,UAH,359.41,95.13,0.0,454.54
S08-O0000072,S08-C000626,S08-M00013,2025-09-06T08:52:08Z,delivered,UAH,168.14,68.98,0.0,237.12
S08-O0000073,S08-C000541,S08-M00031,2025-09-06T09:12:10Z,partially_refunded,UAH,420.28,65.93,0.0,486.21
S08-O0000074,S08-C000668,S08-M00020,2025-09-06T09:23:50Z,cancelled,UAH,213.56,78.97,0.0,292.53
S08-O0000075,S08-C000201,S08-M00022,2025-09-06T12:55:47Z,delivered,EUR,7.5,2.3,1.5,8.31
S08-O0000076,S08-C000086,S08-M00001,2025-09-06T13:22:05Z,delivered,UAH,614.4,81.17,0.0,695.57
S08-O0000077,S08-C000098,S08-M00018,2025-09-06T17:45:56Z,delivered,UAH,621.36,83.66,0.0,705.02
S08-O0000078,S08-C000330,S08-M00010,2025-09-06T17:59:05Z,delivered,UAH,811.58,71.37,162.32,720.63
S08-O0000079,S08-C000099,S08-M00016,2025-09-06T18:30:10Z,delivered,UAH,382.61,123.91,57.39,449.13
S08-O0000080,S08-C000216,S08-M00020,2025-09-06T18:38:50Z,delivered,UAH,241.38,65.9,0.0,307.28
S08-O0000081,S08-C000400,S08-M00016,2025-09-06T18:50:09Z,delivered,UAH,205.65,82.0,0.0,287.65
S08-O0000082,S08-C000224,S08-M00035,2025-09-06T19:27:39Z,partially_refunded,USD,29.07,0.0,0.0,29.07
S08-O0000083,S08-C000472,S08-M00042,2025-09-06T19:29:09Z,delivered,UAH,393.57,72.48,0.0,466.05
S08-O0000084,S08-C000520,S08-M00041,2025-09-06T19:30:54Z,cancelled,UAH,322.24,92.66,0.0,414.9
S08-O0000085,S08-C000658,S08-M00042,2025-09-06T19:50:27Z,delivered,UAH,537.94,84.27,0.0,622.21
S08-O0000086,S08-C000246,S08-M00038,2025-09-06T20:17:07Z,delivered,UAH,1080.56,96.21,0.0,1176.77
S08-O0000087,S08-C000345,S08-M00020,2025-09-06T21:13:44Z,delivered,UAH,869.68,68.94,173.94,764.68
S08-O0000088,S08-C000410,S08-M00005,2025-09-06T21:59:19Z,delivered,UAH,547.62,99.98,0.0,647.6
S08-O0000089,S08-C000599,S08-M00004,2025-09-07T11:36:53Z,delivered,UAH,54.94,83.66,0.0,138.6
S08-O0000090,S08-C000007,S08-M00019,2025-09-07T12:14:11Z,delivered,UAH,332.89,70.96,0.0,403.85
S08-O0000091,S08-C000240,S08-M00042,2025-09-07T12:24:56Z,delivered,UAH,1399.94,87.68,139.99,1347.63
S08-O0000092,S08-C000658,S08-M00012,2025-09-07T12:27:59Z,delivered,UAH,150.97,81.79,0.0,232.76
S08-O0000093,S08-C000428,S08-M00038,2025-09-07T13:33:25Z,cancelled,UAH,485.21,93.63,48.52,530.32
S08-O0000094,S08-C000051,S08-M00017,2025-09-07T13:54:57Z,delivered,UAH,1079.32,0.0,0.0,1079.32
S08-O0000095,S08-C000218,S08-M00036,2025-09-07T14:07:47Z,delivered,UAH,178.71,79.28,0.0,257.99
S08-O0000096,S08-C000772,S08-M00020,2025-09-07T14:57:27Z,refunded,UAH,462.07,69.44,0.0,531.51
S08-O0000097,S08-C000737,S08-M00020,2025-09-07T17:49:16Z,cancelled,UAH,107.06,86.88,16.06,177.88
S08-O0000098,S08-C000671,S08-M00023,2025-09-07T18:02:06Z,delivered,UAH,1183.22,98.53,59.16,1222.59
S08-O0000099,S08-C000417,S08-M00012,2025-09-07T18:40:50Z,cancelled,UAH,115.37,93.43,5.77,203.03
S08-O0000100,S08-C000146,S08-M00001,2025-09-07T18:49:33Z,delivered,UAH,777.6,102.79,38.88,841.51
