product_id,merchant_id,product_name,category,unit_price_uah,is_active,updated_at
S08-P000001,S08-M00001,Chicken Burger,burgers,202.92,True,2025-10-19T02:50:44.689822020Z
S08-P000002,S08-M00001,Shrimp Set,sushi,251.88,True,2025-08-06T22:49:01.060705740Z
S08-P000003,S08-M00001,California Roll,sushi,476.03,True,2026-07-01T11:46:44.773195614Z
S08-P000004,S08-M00001,Cheesecake,desserts,180.08,True,2026-06-08T02:56:32.958552526Z
S08-P000005,S08-M00001,Salmon Roll,sushi,328.33,True,2026-07-26T20:59:40.586635704Z
S08-P000006,S08-M00001,Pepperoni,pizza,189.6,True,2025-11-20T21:20:43.290417814Z
S08-P000007,S08-M00001,Salmon Roll,sushi,437.41,True,2026-04-14T17:31:47.673889427Z
S08-P000008,S08-M00001,Caesar Salad,salads,184.88,True,2025-09-19T13:36:35.444823288Z
S08-P000009,S08-M00001,Classic Burger,burgers,256.99,True,2026-07-31T19:01:08.784204420Z
S08-P000010,S08-M00001,Cheesecake,desserts,206.37,True,2025-08-18T22:05:13.393691009Z
S08-P000011,S08-M00001,Greek Salad,salads,235.46,True,2026-02-18T00:00:26.049813113Z
S08-P000012,S08-M00001,Margherita,pizza,341.46,True,2026-03-01T08:03:55.414736499Z
S08-P000013,S08-M00001,Cheese Burger,burgers,171.43,True,2026-05-23T04:23:50.885878605Z
S08-P000014,S08-M00001,Chicken Bowl,salads,204.05,True,2025-10-14T01:33:25.402505700Z
S08-P000015,S08-M00001,Pepperoni,pizza,216.07,True,2026-03-18T01:11:41.173145589Z
S08-P000016,S08-M00002,Caesar Salad,salads,228.6,True,2026-07-18T18:25:31.826057384Z
S08-P000017,S08-M00002,Cheesecake,desserts,158.83,True,2026-08-19T04:22:01.771793994Z
S08-P000018,S08-M00002,Salmon Roll,sushi,252.95,True,2025-10-15T04:33:26.693592260Z
S08-P000019,S08-M00002,Salmon Roll,sushi,329.22,True,2025-08-10T15:23:47.099770221Z
S08-P000020,S08-M00002,Veggie Burger,burgers,242.87,True,2025-09-01T14:10:18.185474793Z
S08-P000021,S08-M00002,Veggie Roll,sushi,361.45,True,2026-01-14T22:08:20.037635903Z
S08-P000022,S08-M00002,Margherita,pizza,314.59,True,2025-10-06T15:29:15.099068397Z
S08-P000023,S08-M00002,Chicken Burger,burgers,226.94,True,2026-05-01T11:40:32.938317711Z
S08-P000024,S08-M00002,Veggie Burger,burgers,200.76,True,2026-07-10T14:14:41.777726564Z
S08-P000025,S08-M00002,Green Bowl,salads,222.8,True,2026-08-09T14:55:48.581848291Z
S08-P000026,S08-M00002,Veggie Pizza,pizza,267.15,True,2025-12-08T10:59:43.052369239Z
S08-P000027,S08-M00002,Tiramisu,desserts,86.4,True,2025-11-06T21:49:20.439193548Z
S08-P000028,S08-M00002,Cheesecake,desserts,106.24,True,2025-09-27T05:50:31.207863824Z
S08-P000029,S08-M00002,Greek Salad,salads,207.65,True,2026-03-06T21:01:41.739725995Z
S08-P000030,S08-M00002,Salmon Roll,sushi,234.39,True,2026-05-21T01:50:51.451010689Z
S08-P000031,S08-M00003,Muffin,pastries,49.06,True,2026-07-26T02:51:49.917986052Z
S08-P000032,S08-M00003,Ciabatta,bread,39.07,True,2026-03-29T16:36:00.807083411Z
S08-P000033,S08-M00003,Ciabatta,bread,28.23,True,2025-12-01T12:09:59.536778484Z
S08-P000034,S08-M00003,Cappuccino,coffee,68.56,True,2026-03-10T02:35:54.492074070Z
S08-P000035,S08-M00003,Rye Bread,bread,31.31,True,2026-07-06T03:53:28.346834221Z
S08-P000036,S08-M00003,Chocolate Cake,cakes,122.81,True,2026-03-13T05:14:46.010990692Z
S08-P000037,S08-M00003,Berry Cake,cakes,322.5,False,2026-02-25T04:49:15.766347405Z
S08-P000038,S08-M00003,Chocolate Cake,cakes,259.5,True,2026-02-11T01:45:35.659516127Z
S08-P000039,S08-M00003,Rye Bread,bread,90.08,True,2025-10-01T22:10:58.361348882Z
S08-P000040,S08-M00004,Dish Soap,household,66.18,True,2026-08-29T00:07:54.750172808Z
S08-P000041,S08-M00004,Apples 1kg,produce,77.44,True,2026-03-06T02:27:42.437365623Z
S08-P000042,S08-M00004,Milk 1L,dairy,52.72,True,2025-09-06T03:57:46.953856623Z
S08-P000043,S08-M00004,Cola,beverages,108.01,True,2026-01-25T09:13:01.288089252Z
S08-P000044,S08-M00004,Paper Towels,household,125.1,True,2026-03-06T02:14:28.049183452Z
S08-P000045,S08-M00004,Apples 1kg,produce,53.03,True,2025-12-05T09:51:31.856012618Z
S08-P000046,S08-M00004,Trash Bags,household,57.69,True,2026-07-15T13:40:17.140083082Z
S08-P000047,S08-M00004,Tea,beverages,60.86,True,2026-01-05T23:01:34.475461976Z
S08-P000048,S08-M00004,Trash Bags,household,226.77,True,2025-09-24T19:03:43.143358481Z
S08-P000049,S08-M00004,Sourdough Bread,bakery,49.52,True,2026-04-03T20:30:06.948255463Z
S08-P000050,S08-M00004,Kefir 1L,dairy,37.33,True,2025-12-07T04:37:46.271844455Z
S08-P000051,S08-M00004,Dish Soap,household,153.95,True,2026-01-13T06:15:22.375952042Z
S08-P000052,S08-M00004,Dish Soap,household,88.11,True,2025-11-22T03:02:27.134462226Z
S08-P000053,S08-M00004,Avocado,produce,45.76,True,2025-10-17T02:01:15.743373035Z
S08-P000054,S08-M00004,Coffee Beans,beverages,33.48,True,2026-08-21T18:11:42.956927781Z
S08-P000055,S08-M00005,Tiramisu,desserts,185.75,True,2026-08-26T17:53:11.824561866Z
S08-P000056,S08-M00005,Tiramisu,desserts,192.26,True,2026-06-05T07:45:48.892863140Z
S08-P000057,S08-M00005,Tiramisu,desserts,189.81,True,2026-06-20T03:01:41.753780727Z
S08-P000058,S08-M00005,Classic Burger,burgers,321.92,True,2026-07-08T17:10:25.851875114Z
S08-P000059,S08-M00005,Salmon Roll,sushi,527.69,True,2026-08-17T21:02:07.784183678Z
S08-P000060,S08-M00005,Tiramisu,desserts,134.73,True,2025-11-17T01:40:26.959767628Z
S08-P000061,S08-M00005,Caesar Salad,salads,151.25,True,2025-10-25T22:47:48.418885299Z
S08-P000062,S08-M00005,Brownie,desserts,116.36,True,2025-10-31T13:31:38.975570420Z
S08-P000063,S08-M00005,Green Bowl,salads,121.88,True,2025-08-06T11:36:19.083414651Z
S08-P000064,S08-M00005,Shrimp Set,sushi,349.59,True,2026-07-30T21:25:11.471826105Z
S08-P000065,S08-M00005,Four Cheese,pizza,241.19,True,2026-02-10T09:29:18.487429557Z
S08-P000066,S08-M00005,Pepperoni,pizza,274.73,True,2025-11-20T08:09:26.401617683Z
S08-P000067,S08-M00005,Shrimp Set,sushi,479.58,True,2026-07-15T05:19:46.390823951Z
S08-P000068,S08-M00005,Salmon Roll,sushi,298.59,True,2026-08-22T00:55:25.576581438Z
S08-P000069,S08-M00005,Greek Salad,salads,196.58,True,2025-10-03T03:12:12.926437669Z
S08-P000070,S08-M00006,Diapers,baby_care,112.0,True,2025-08-08T05:33:12.844464551Z
S08-P000071,S08-M00006,Skin Cream,personal_care,105.15,True,2025-09-26T14:43:17.189099045Z
S08-P000072,S08-M00006,Thermometer,health,192.81,True,2026-01-31T16:18:10.174845784Z
S08-P000073,S08-M00006,Antiseptic,health,111.77,True,2026-06-02T22:12:07.276581395Z
S08-P000074,S08-M00006,Antiseptic,health,0.0,True,2026-08-09T04:27:35.239409173Z
S08-P000075,S08-M00006,Baby Shampoo,baby_care,212.62,True,2026-06-15T03:22:52.180832535Z
S08-P000076,S08-M00006,Baby Wipes,baby_care,247.12,True,2025-09-14T18:55:22.539648197Z
S08-P000077,S08-M00006,Pain Relief,health,92.52,True,2026-07-13T13:40:34.223575501Z
S08-P000078,S08-M00006,Baby Wipes,baby_care,155.74,True,2025-10-01T19:43:40.294969432Z
S08-P000079,S08-M00006,Pain Relief,health,394.45,True,2025-09-28T07:34:55.803395139Z
S08-P000080,S08-M00006,Shampoo,personal_care,110.33,True,2026-06-16T07:11:32.053408500Z
S08-P000081,S08-M00006,Magnesium,vitamins,246.77,True,2025-12-18T07:44:15.395518757Z
S08-P000082,S08-M00006,Toothpaste,personal_care,69.94,True,2026-01-25T08:29:03.891804204Z
S08-P000083,S08-M00006,Pain Relief,health,223.86,True,2025-09-28T05:26:51.651138008Z
S08-P000084,S08-M00006,Baby Cream,baby_care,525.97,True,2025-12-07T11:58:01.998819805Z
S08-P000085,S08-M00007,Sandwich,ready_meals,84.37,True,2026-01-07T05:05:41.668987037Z
S08-P000086,S08-M00007,Rice Bowl,ready_meals,227.26,True,2026-01-07T18:19:50.318973422Z
S08-P000087,S08-M00007,Rice Bowl,ready_meals,108.09,False,2026-01-12T08:06:49.423988144Z
S08-P000088,S08-M00007,Energy Drink,beverages,143.09,True,2026-03-03T05:02:12.200975724Z
S08-P000089,S08-M00007,Water,beverages,28.78,True,2025-11-29T18:17:43.094586765Z
S08-P000090,S08-M00007,Nuts,snacks,168.44,True,2026-04-08T10:50:09.954460129Z
S08-P000091,S08-M00007,Coffee,beverages,27.53,True,2026-02-15T08:53:54.519999715Z
S08-P000092,S08-M00007,Tissues,household,68.43,True,2025-12-20T13:14:50.332096627Z
S08-P000093,S08-M00007,Energy Drink,beverages,76.9,True,2026-03-16T08:17:25.797850428Z
S08-P000094,S08-M00007,Water,beverages,25.51,True,2026-02-21T05:57:54.966073996Z
S08-P000095,S08-M00007,Cleaning Spray,household,187.52,True,2026-03-21T22:58:36.103279991Z
S08-P000096,S08-M00008,Cheese Burger,burgers,176.47,True,2026-01-22T16:33:53.012631781Z
S08-P000097,S08-M00008,Four Cheese,pizza,192.14,True,2026-01-18T20:09:04.037513255Z
S08-P000098,S08-M00008,Salmon Roll,sushi,423.98,True,2026-05-01T02:42:31.138907344Z
S08-P000099,S08-M00008,Pepperoni,pizza,185.47,True,2026-07-10T19:09:12.932550605Z
S08-P000100,S08-M00008,Chicken Burger,burgers,173.67,True,2025-08-27T12:58:06.400570577Z
